0, 0, 0, 1, 0, 0, 0, -0, -0.314159, -0
0.005, -0.0005, 0, 0.999877, 0, 0, 0, -0, -0.314159, -0
0.01, -0.001, 0, 0.999509, 0, 0, 0, -0, -0.314159, -0
0.015, -0.0015, 0, 0.998896, 0, 0, 0, -0, -0.314159, -0
0.02, -0.002, 0, 0.998038, 0, 0, 0, -0, -0.314159, -0
0.025, -0.0025, 0, 0.996934, 0, 0, 0, -0, -0.314159, -0
0.03, -0.003, 0, 0.995585, 0, 0, 0, -0, -0.314159, -0
0.035, -0.0035, 0, 0.993991, 0, 0, 0, -0, -0.314159, -0
0.04, -0.004, 0, 0.992152, 0, 0, 0, -0, -0.314159, -0
0.045, -0.0045, 0, 0.990067, 0, 0, 0, -0, -0.314159, -0
0.05, -0.005, 0, 0.987737, 0, 0, 0, -0, -0.314159, -0
0.055, -0.0055, 0, 0.985162, 0, 0, 0, -0, -0.314159, -0
0.06, -0.006, 0, 0.982342, 0, 0, 0, -0, -0.314159, -0
0.065, -0.0065, 0, 0.979276, 0, 0, 0, -0, -0.314159, -0
0.07, -0.007, 0, 0.975965, 0, 0, 0, -0, -0.314159, -0
0.075, -0.0075, 0, 0.972409, 0, 0, 0, -0, -0.314159, -0
0.08, -0.008, 0, 0.968608, 0, 0, 0, -0, -0.314159, -0
0.085, -0.0085, 0, 0.964561, 0, 0, 0, -0, -0.314159, -0
0.09, -0.009, 0, 0.960269, 0, 0, 0, -0, -0.314159, -0
0.095, -0.0095, 0, 0.955732, 0, 0, 0, -0, -0.314159, -0
0.1, -0.01, 0, 0.95095, 0, 0, 0, -0, -0.314159, -0
0.105, -0.0105, 0, 0.945922, 0, 0, 0, -0, -0.314159, -0
0.11, -0.011, 0, 0.940649, 0, 0, 0, -0, -0.314159, -0
0.115, -0.0115, 0, 0.935131, 0, 0, 0, -0, -0.314159, -0
0.12, -0.012, 0, 0.929368, 0, 0, 0, -0, -0.314159, -0
0.125, -0.0125, 0, 0.923359, 0, 0, 0, -0, -0.314159, -0
0.13, -0.013, 0, 0.917105, 0, 0, 0, -0, -0.314159, -0
0.135, -0.0135, 0, 0.910606, 0, 0, 0, -0, -0.314159, -0
0.14, -0.014, 0, 0.903862, 0, 0, 0, -0, -0.314159, -0
0.145, -0.0145, 0, 0.896872, 0, 0, 0, -0, -0.314159, -0
0.15, -0.015, 0, 0.889637, 0, 0, 0, -0, -0.314159, -0
0.155, -0.0155, 0, 0.882157, 0, 0, 0, -0, -0.314159, -0
0.16, -0.016, 0, 0.874432, 0, 0, 0, -0, -0.314159, -0
0.165, -0.0165, 0, 0.866461, 0, 0, 0, -0, -0.314159, -0
0.17, -0.017, 0, 0.858245, 0, 0, 0, -0, -0.314159, -0
0.175, -0.0175, 0, 0.849784, 0, 0, 0, -0, -0.314159, -0
0.18, -0.018, 0, 0.841078, 0, 0, 0, -0, -0.314159, -0
0.185, -0.0185, 0, 0.832126, 0, 0, 0, -0, -0.314159, -0
0.19, -0.019, 0, 0.822929, 0, 0, 0, -0, -0.314159, -0
0.195, -0.0195, 0, 0.813487, 0, 0, 0, -0, -0.314159, -0
0.2, -0.02, 0, 0.8038, 0, 0, 0, -0, -0.314159, -0
0.205, -0.0205, 0, 0.793867, 0, 0, 0, -0, -0.314159, -0
0.21, -0.021, 0, 0.783689, 0, 0, 0, -0, -0.314159, -0
0.215, -0.0215, 0, 0.773266, 0, 0, 0, -0, -0.314159, -0
0.22, -0.022, 0, 0.762598, 0, 0, 0, -0, -0.314159, -0
0.225, -0.0225, 0, 0.751684, 0, 0, 0, -0, -0.314159, -0
0.23, -0.023, 0, 0.740525, 0, 0, 0, -0, -0.314159, -0
0.235, -0.0235, 0, 0.729121, 0, 0, 0, -0, -0.314159, -0
0.24, -0.024, 0, 0.717472, 0, 0, 0, -0, -0.314159, -0
0.245, -0.0245, 0, 0.705577, 0, 0, 0, -0, -0.314159, -0
0.25, -0.025, 0, 0.693437, 0, 0, 0, -0, -0.314159, -0
0.255, -0.0255, 0, 0.681052, 0, 0, 0, -0, -0.314159, -0
0.26, -0.026, 0, 0.668422, 0, 0, 0, -0, -0.314159, -0
0.265, -0.0265, 0, 0.655546, 0, 0, 0, -0, -0.314159, -0
0.27, -0.027, 0, 0.642425, 0, 0, 0, -0, -0.314159, -0
0.275, -0.0275, 0, 0.629059, 0, 0, 0, -0, -0.314159, -0
0.28, -0.028, 0, 0.615448, 0, 0, 0, -0, -0.314159, -0
0.285, -0.0285, 0, 0.601591, 0, 0, 0, -0, -0.314159, -0
0.29, -0.029, 0, 0.587489, 0, 0, 0, -0, -0.314159, -0
0.295, -0.0295, 0, 0.573142, 0, 0, 0, -0, -0.314159, -0
0.3, -0.03, 0, 0.55855, 0, 0, 0, -0, -0.314159, -0
0.305, -0.0305, 0, 0.543712, 0, 0, 0, -0, -0.314159, -0
0.31, -0.031, 0, 0.528629, 0, 0, 0, -0, -0.314159, -0
0.315, -0.0315, 0, 0.513301, 0, 0, 0, -0, -0.314159, -0
0.32, -0.032, 0, 0.497728, 0, 0, 0, -0, -0.314159, -0
0.325, -0.0325, 0, 0.481909, 0, 0, 0, -0, -0.314159, -0
0.33, -0.033, 0, 0.465845, 0, 0, 0, -0, -0.314159, -0
0.335, -0.0335, 0, 0.449536, 0, 0, 0, -0, -0.314159, -0
0.34, -0.034, 0, 0.432982, 0, 0, 0, -0, -0.314159, -0
0.345, -0.0345, 0, 0.416182, 0, 0, 0, -0, -0.314159, -0
0.35, -0.035, 0, 0.399138, 0, 0, 0, -0, -0.314159, -0
0.355, -0.0355, 0, 0.381847, 0, 0, 0, -0, -0.314159, -0
0.36, -0.036, 0, 0.364312, 0, 0, 0, -0, -0.314159, -0
0.365, -0.0365, 0, 0.346531, 0, 0, 0, -0, -0.314159, -0
0.37, -0.037, 0, 0.328506, 0, 0, 0, -0, -0.314159, -0
0.375, -0.0375, 0, 0.310234, 0, 0, 0, -0, -0.314159, -0
0.38, -0.038, 0, 0.291718, 0, 0, 0, -0, -0.314159, -0
0.385, -0.0385, 0, 0.272956, 0, 0, 0, -0, -0.314159, -0
0.39, -0.039, 0, 0.25395, 0, 0, 0, -0, -0.314159, -0
0.395, -0.0395, 0, 0.234697, 0, 0, 0, -0, -0.314159, -0
0.4, -0.04, 0, 0.2152, 0, 0, 0, -0, -0.314159, -0
0.405, -0.0405, 0, 0.195457, 0, 0, 0, -0, -0.314159, -0
0.41, -0.041, 0, 0.17547, 0, 0, 0, -0, -0.314159, -0
0.415, -0.0415, 0, 0.155236, 0, 0, 0, -0, -0.314159, -0
0.42, -0.042, 0, 0.134758, 0, 0, 0, -0, -0.314159, -0
0.425, -0.0425, 0, 0.114034, 0, 0, 0, -0, -0.314159, -0
0.43, -0.043, 0, 0.0930655, 0, 0, 0, -0, -0.314159, -0
0.435, -0.0435, 0, 0.0718514, 0, 0, 0, -0, -0.314159, -0
0.44, -0.044, 0, 0.050392, 0, 0, 0, -0, -0.314159, -0
0.445, -0.0445, 0, 0.0286874, 0, 0, 0, -0, -0.314159, -0
0.45, -0.045, 0, 0.0067375, 0, 0, 0, -0, -0.314159, -0
0.455, -0.0455, 0, -0.0154576, 0, 0, 0, -0, -0.314159, -0
0.46, -0.046, 0.013118, 0.00247519, 0, 0, 0, -0, -0.314159, -0
0.465, -0.0465, 0.0262361, 0.0201628, 0, 0, 0, -0, -0.314159, -0
0.47, -0.047, 0.0393541, 0.0376051, 0, 0, 0, -0, -0.314159, -0
0.475, -0.0475, 0.0524722, 0.0548021, 0, 0, 0, -0, -0.314159, -0
0.48, -0.048, 0.0655902, 0.0717539, 0, 0, 0, -0, -0.314159, -0
0.485, -0.0485, 0.0787083, 0.0884605, 0, 0, 0, -0, -0.314159, -0
0.49, -0.049, 0.0918263, 0.104922, 0, 0, 0, -0, -0.314159, -0
0.495, -0.0495, 0.104944, 0.121138, 0, 0, 0, -0, -0.314159, -0
0.5, -0.05, 0.118062, 0.137109, 0, 0, 0, -0, -0.314159, -0
0.505, -0.0505, 0.13118, 0.152834, 0, 0, 0, -0, -0.314159, -0
0.51, -0.051, 0.144298, 0.168315, 0, 0, 0, -0, -0.314159, -0
0.515, -0.0515, 0.157417, 0.18355, 0, 0, 0, -0, -0.314159, -0
0.52, -0.052, 0.170535, 0.198539, 0, 0, 0, -0, -0.314159, -0
0.525, -0.0525, 0.183653, 0.213284, 0, 0, 0, -0, -0.314159, -0
0.53, -0.053, 0.196771, 0.227783, 0, 0, 0, -0, -0.314159, -0
0.535, -0.0535, 0.209889, 0.242037, 0, 0, 0, -0, -0.314159, -0
0.54, -0.054, 0.223007, 0.256046, 0, 0, 0, -0, -0.314159, -0
0.545, -0.0545, 0.236125, 0.26981, 0, 0, 0, -0, -0.314159, -0
0.55, -0.055, 0.249243, 0.283328, 0, 0, 0, -0, -0.314159, -0
0.555, -0.0555, 0.262361, 0.296601, 0, 0, 0, -0, -0.314159, -0
0.56, -0.056, 0.275479, 0.309629, 0, 0, 0, -0, -0.314159, -0
0.565, -0.0565, 0.288597, 0.322412, 0, 0, 0, -0, -0.314159, -0
0.57, -0.057, 0.301715, 0.334949, 0, 0, 0, -0, -0.314159, -0
0.575, -0.0575, 0.314833, 0.347241, 0, 0, 0, -0, -0.314159, -0
0.58, -0.058, 0.327951, 0.359288, 0, 0, 0, -0, -0.314159, -0
0.585, -0.0585, 0.341069, 0.371089, 0, 0, 0, -0, -0.314159, -0
0.59, -0.059, 0.354187, 0.382646, 0, 0, 0, -0, -0.314159, -0
0.595, -0.0595, 0.367305, 0.393957, 0, 0, 0, -0, -0.314159, -0
0.6, -0.06, 0.380423, 0.405022, 0, 0, 0, -0, -0.314159, -0
0.605, -0.0605, 0.393541, 0.415843, 0, 0, 0, -0, -0.314159, -0
0.61, -0.061, 0.406659, 0.426418, 0, 0, 0, -0, -0.314159, -0
0.615, -0.0615, 0.419777, 0.436748, 0, 0, 0, -0, -0.314159, -0
0.62, -0.062, 0.432895, 0.446833, 0, 0, 0, -0, -0.314159, -0
0.625, -0.0625, 0.446014, 0.456673, 0, 0, 0, -0, -0.314159, -0
0.63, -0.063, 0.459132, 0.466267, 0, 0, 0, -0, -0.314159, -0
0.635, -0.0635, 0.47225, 0.475616, 0, 0, 0, -0, -0.314159, -0
0.64, -0.064, 0.485368, 0.48472, 0, 0, 0, -0, -0.314159, -0
0.645, -0.0645, 0.498486, 0.493579, 0, 0, 0, -0, -0.314159, -0
0.65, -0.065, 0.511604, 0.502192, 0, 0, 0, -0, -0.314159, -0
0.655, -0.0655, 0.524722, 0.51056, 0, 0, 0, -0, -0.314159, -0
0.66, -0.066, 0.53784, 0.518683, 0, 0, 0, -0, -0.314159, -0
0.665, -0.0665, 0.550958, 0.52656, 0, 0, 0, -0, -0.314159, -0
0.67, -0.067, 0.564076, 0.534193, 0, 0, 0, -0, -0.314159, -0
0.675, -0.0675, 0.577194, 0.54158, 0, 0, 0, -0, -0.314159, -0
0.68, -0.068, 0.590312, 0.548722, 0, 0, 0, -0, -0.314159, -0
0.685, -0.0685, 0.60343, 0.555618, 0, 0, 0, -0, -0.314159, -0
0.69, -0.069, 0.616548, 0.562269, 0, 0, 0, -0, -0.314159, -0
0.695, -0.0695, 0.629666, 0.568675, 0, 0, 0, -0, -0.314159, -0
0.7, -0.07, 0.642784, 0.574836, 0, 0, 0, -0, -0.314159, -0
0.705, -0.0705, 0.655902, 0.580752, 0, 0, 0, -0, -0.314159, -0
0.71, -0.071, 0.66902, 0.586422, 0, 0, 0, -0, -0.314159, -0
0.715, -0.0715, 0.682138, 0.591847, 0, 0, 0, -0, -0.314159, -0
0.72, -0.072, 0.695256, 0.597027, 0, 0, 0, -0, -0.314159, -0
0.725, -0.0725, 0.708374, 0.601962, 0, 0, 0, -0, -0.314159, -0
0.73, -0.073, 0.721492, 0.606651, 0, 0, 0, -0, -0.314159, -0
0.735, -0.0735, 0.73461, 0.611095, 0, 0, 0, -0, -0.314159, -0
0.74, -0.074, 0.747729, 0.615294, 0, 0, 0, -0, -0.314159, -0
0.745, -0.0745, 0.760847, 0.619247, 0, 0, 0, -0, -0.314159, -0
0.75, -0.075, 0.773965, 0.622956, 0, 0, 0, -0, -0.314159, -0
0.755, -0.0755, 0.787083, 0.626419, 0, 0, 0, -0, -0.314159, -0
0.76, -0.076, 0.800201, 0.629637, 0, 0, 0, -0, -0.314159, -0
0.765, -0.0765, 0.813319, 0.632609, 0, 0, 0, -0, -0.314159, -0
0.77, -0.077, 0.826437, 0.635336, 0, 0, 0, -0, -0.314159, -0
0.775, -0.0775, 0.839555, 0.637818, 0, 0, 0, -0, -0.314159, -0
0.78, -0.078, 0.852673, 0.640055, 0, 0, 0, -0, -0.314159, -0
0.785, -0.0785, 0.865791, 0.642047, 0, 0, 0, -0, -0.314159, -0
0.79, -0.079, 0.878909, 0.643793, 0, 0, 0, -0, -0.314159, -0
0.795, -0.0795, 0.892027, 0.645294, 0, 0, 0, -0, -0.314159, -0
0.8, -0.08, 0.905145, 0.64655, 0, 0, 0, -0, -0.314159, -0
0.805, -0.0805, 0.918263, 0.647561, 0, 0, 0, -0, -0.314159, -0
0.81, -0.081, 0.931381, 0.648326, 0, 0, 0, -0, -0.314159, -0
0.815, -0.0815, 0.944499, 0.648846, 0, 0, 0, -0, -0.314159, -0
0.82, -0.082, 0.957617, 0.649121, 0, 0, 0, -0, -0.314159, -0
0.825, -0.0825, 0.970735, 0.64915, 0, 0, 0, -0, -0.314159, -0
0.83, -0.083, 0.983853, 0.648935, 0, 0, 0, -0, -0.314159, -0
0.835, -0.0835, 0.996971, 0.648474, 0, 0, 0, -0, -0.314159, -0
0.84, -0.084, 1.01009, 0.647768, 0, 0, 0, -0, -0.314159, -0
0.845, -0.0845, 1.02321, 0.646816, 0, 0, 0, -0, -0.314159, -0
0.85, -0.085, 1.03633, 0.645619, 0, 0, 0, -0, -0.314159, -0
0.855, -0.0855, 1.04944, 0.644177, 0, 0, 0, -0, -0.314159, -0
0.86, -0.086, 1.06256, 0.64249, 0, 0, 0, -0, -0.314159, -0
0.865, -0.0865, 1.07568, 0.640558, 0, 0, 0, -0, -0.314159, -0
0.87, -0.087, 1.0888, 0.63838, 0, 0, 0, -0, -0.314159, -0
0.875, -0.0875, 1.10192, 0.635957, 0, 0, 0, -0, -0.314159, -0
0.88, -0.088, 1.11503, 0.633289, 0, 0, 0, -0, -0.314159, -0
0.885, -0.0885, 1.12815, 0.630376, 0, 0, 0, -0, -0.314159, -0
0.89, -0.089, 1.14127, 0.627217, 0, 0, 0, -0, -0.314159, -0
0.895, -0.0895, 1.15439, 0.623813, 0, 0, 0, -0, -0.314159, -0
0.9, -0.09, 1.16751, 0.620164, 0, 0, 0, -0, -0.314159, -0
0.905, -0.0905, 1.18062, 0.616269, 0, 0, 0, -0, -0.314159, -0
0.91, -0.091, 1.19374, 0.61213, 0, 0, 0, -0, -0.314159, -0
0.915, -0.0915, 1.20686, 0.607745, 0, 0, 0, -0, -0.314159, -0
0.92, -0.092, 1.21998, 0.603115, 0, 0, 0, -0, -0.314159, -0
0.925, -0.0925, 1.2331, 0.598239, 0, 0, 0, -0, -0.314159, -0
0.93, -0.093, 1.24621, 0.593118, 0, 0, 0, -0, -0.314159, -0
0.935, -0.0935, 1.25933, 0.587753, 0, 0, 0, -0, -0.314159, -0
0.94, -0.094, 1.27245, 0.582141, 0, 0, 0, -0, -0.314159, -0
0.945, -0.0945, 1.28557, 0.576285, 0, 0, 0, -0, -0.314159, -0
0.95, -0.095, 1.29869, 0.570183, 0, 0, 0, -0, -0.314159, -0
0.955, -0.0955, 1.3118, 0.563836, 0, 0, 0, -0, -0.314159, -0
0.96, -0.096, 1.32492, 0.557244, 0, 0, 0, -0, -0.314159, -0
0.965, -0.0965, 1.33804, 0.550407, 0, 0, 0, -0, -0.314159, -0
0.97, -0.097, 1.35116, 0.543324, 0, 0, 0, -0, -0.314159, -0
0.975, -0.0975, 1.36428, 0.535996, 0, 0, 0, -0, -0.314159, -0
0.98, -0.098, 1.37739, 0.528423, 0, 0, 0, -0, -0.314159, -0
0.985, -0.0985, 1.39051, 0.520604, 0, 0, 0, -0, -0.314159, -0
0.99, -0.099, 1.40363, 0.512541, 0, 0, 0, -0, -0.314159, -0
0.995, -0.0995, 1.41675, 0.504232, 0, 0, 0, -0, -0.314159, -0
1, -0.1, 1.42987, 0.495678, 0, 0, 0, -0, -0.314159, -0
1.005, -0.1005, 1.44298, 0.486878, 0, 0, 0, -0, -0.314159, -0
1.01, -0.101, 1.4561, 0.477833, 0, 0, 0, -0, -0.314159, -0
1.015, -0.1015, 1.46922, 0.468544, 0, 0, 0, -0, -0.314159, -0
1.02, -0.102, 1.48234, 0.459008, 0, 0, 0, -0, -0.314159, -0
1.025, -0.1025, 1.49546, 0.449228, 0, 0, 0, -0, -0.314159, -0
1.03, -0.103, 1.50858, 0.439202, 0, 0, 0, -0, -0.314159, -0
1.035, -0.1035, 1.52169, 0.428931, 0, 0, 0, -0, -0.314159, -0
1.04, -0.104, 1.53481, 0.418415, 0, 0, 0, -0, -0.314159, -0
1.045, -0.1045, 1.54793, 0.407654, 0, 0, 0, -0, -0.314159, -0
1.05, -0.105, 1.56105, 0.396647, 0, 0, 0, -0, -0.314159, -0
1.055, -0.1055, 1.57417, 0.385395, 0, 0, 0, -0, -0.314159, -0
1.06, -0.106, 1.58728, 0.373898, 0, 0, 0, -0, -0.314159, -0
1.065, -0.1065, 1.6004, 0.362155, 0, 0, 0, -0, -0.314159, -0
1.07, -0.107, 1.61352, 0.350168, 0, 0, 0, -0, -0.314159, -0
1.075, -0.1075, 1.62664, 0.337935, 0, 0, 0, -0, -0.314159, -0
1.08, -0.108, 1.63976, 0.325457, 0, 0, 0, -0, -0.314159, -0
1.085, -0.1085, 1.65287, 0.312733, 0, 0, 0, -0, -0.314159, -0
1.09, -0.109, 1.66599, 0.299765, 0, 0, 0, -0, -0.314159, -0
1.095, -0.1095, 1.67911, 0.286551, 0, 0, 0, -0, -0.314159, -0
1.1, -0.11, 1.69223, 0.273091, 0, 0, 0, -0, -0.314159, -0
1.105, -0.1105, 1.70535, 0.259387, 0, 0, 0, -0, -0.314159, -0
1.11, -0.111, 1.71846, 0.245437, 0, 0, 0, -0, -0.314159, -0
1.115, -0.1115, 1.73158, 0.231242, 0, 0, 0, -0, -0.314159, -0
1.12, -0.112, 1.7447, 0.216802, 0, 0, 0, -0, -0.314159, -0
1.125, -0.1125, 1.75782, 0.202117, 0, 0, 0, -0, -0.314159, -0
1.13, -0.113, 1.77094, 0.187186, 0, 0, 0, -0, -0.314159, -0
1.135, -0.1135, 1.78405, 0.17201, 0, 0, 0, -0, -0.314159, -0
1.14, -0.114, 1.79717, 0.156589, 0, 0, 0, -0, -0.314159, -0
1.145, -0.1145, 1.81029, 0.140922, 0, 0, 0, -0, -0.314159, -0
1.15, -0.115, 1.82341, 0.125011, 0, 0, 0, -0, -0.314159, -0
1.155, -0.1155, 1.83653, 0.108854, 0, 0, 0, -0, -0.314159, -0
1.16, -0.116, 1.84964, 0.0924517, 0, 0, 0, -0, -0.314159, -0
1.165, -0.1165, 1.86276, 0.0758042, 0, 0, 0, -0, -0.314159, -0
1.17, -0.117, 1.87588, 0.0589115, 0, 0, 0, -0, -0.314159, -0
1.175, -0.1175, 1.889, 0.0417736, 0, 0, 0, -0, -0.314159, -0
1.18, -0.118, 1.90212, 0.0243904, 0, 0, 0, -0, -0.314159, -0
1.185, -0.1185, 1.91523, 0.00676197, 0, 0, 0, -0, -0.314159, -0
1.19, -0.119, 1.92835, -0.0111117, 0, 0, 0, -0, -0.314159, -0
1.195, -0.1195, 1.94147, -0.0292306, 0, 0, 0, -0, -0.314159, -0
1.2, -0.12, 1.95459, -0.0475948, 0, 0, 0, -0, -0.314159, -0
1.205, -0.1205, 1.96771, -0.0662043, 0, 0, 0, -0, -0.314159, -0
1.21, -0.121, 1.98082, -0.085059, 0, 0, 0, -0, -0.314159, -0
1.215, -0.1215, 1.99394, -0.104159, 0, 0, 0, -0, -0.314159, -0
1.22, -0.122, 2.00706, -0.123504, 0, 0, 0, -0, -0.314159, -0
1.225, -0.1225, 2.02018, -0.143095, 0, 0, 0, -0, -0.314159, -0
1.23, -0.123, 2.0333, -0.16293, 0, 0, 0, -0, -0.314159, -0
1.235, -0.1235, 2.04641, -0.183011, 0, 0, 0, -0, -0.314159, -0
1.24, -0.124, 2.05953, -0.203337, 0, 0, 0, -0, -0.314159, -0
1.245, -0.1245, 2.07265, -0.223909, 0, 0, 0, -0, -0.314159, -0
1.25, -0.125, 2.08577, -0.244725, 0, 0, 0, -0, -0.314159, -0
1.255, -0.1255, 2.09889, -0.265787, 0, 0, 0, -0, -0.314159, -0
1.26, -0.126, 2.11201, -0.287095, 0, 0, 0, -0, -0.314159, -0
1.265, -0.1265, 2.12512, -0.308647, 0, 0, 0, -0, -0.314159, -0
1.27, -0.127, 2.13824, -0.330445, 0, 0, 0, -0, -0.314159, -0
1.275, -0.1275, 2.15136, -0.352488, 0, 0, 0, -0, -0.314159, -0
1.28, -0.128, 2.16448, -0.374776, 0, 0, 0, -0, -0.314159, -0
1.285, -0.1285, 2.1776, -0.397309, 0, 0, 0, -0, -0.314159, -0
1.29, -0.129, 2.19071, -0.420088, 0, 0, 0, -0, -0.314159, -0
1.295, -0.1295, 2.20383, -0.443112, 0, 0, 0, -0, -0.314159, -0
1.3, -0.13, 2.21695, -0.466381, 0, 0, 0, -0, -0.314159, -0
1.305, -0.1305, 2.23007, -0.489895, 0, 0, 0, -0, -0.314159, -0
1.31, -0.131, 2.24319, -0.513655, 0, 0, 0, -0, -0.314159, -0
1.315, -0.1315, 2.2563, -0.53766, 0, 0, 0, -0, -0.314159, -0
1.32, -0.132, 2.26942, -0.56191, 0, 0, 0, -0, -0.314159, -0
1.325, -0.1325, 2.28254, -0.586406, 0, 0, 0, -0, -0.314159, -0
1.33, -0.133, 2.29566, -0.611146, 0, 0, 0, -0, -0.314159, -0
1.335, -0.1335, 2.30878, -0.636132, 0, 0, 0, -0, -0.314159, -0
1.34, -0.134, 2.32189, -0.661364, 0, 0, 0, -0, -0.314159, -0
1.345, -0.1345, 2.33501, -0.68684, 0, 0, 0, -0, -0.314159, -0
1.35, -0.135, 2.34813, -0.712562, 0, 0, 0, -0, -0.314159, -0
1.355, -0.1355, 2.36125, -0.738529, 0, 0, 0, -0, -0.314159, -0
1.36, -0.136, 2.37437, -0.764741, 0, 0, 0, -0, -0.314159, -0
1.365, -0.1365, 2.38748, -0.791198, 0, 0, 0, -0, -0.314159, -0
1.37, -0.137, 2.4006, -0.817901, 0, 0, 0, -0, -0.314159, -0
1.375, -0.1375, 2.41372, -0.844849, 0, 0, 0, -0, -0.314159, -0
1.38, -0.138, 2.42684, -0.872042, 0, 0, 0, -0, -0.314159, -0
1.385, -0.1385, 2.43996, -0.89948, 0, 0, 0, -0, -0.314159, -0
1.39, -0.139, 2.45307, -0.927164, 0, 0, 0, -0, -0.314159, -0
1.395, -0.1395, 2.46619, -0.955093, 0, 0, 0, -0, -0.314159, -0
1.4, -0.14, 2.47931, -0.983267, 0, 0, 0, -0, -0.314159, -0
1.405, -0.1405, 2.49243, -1.01169, 0, 0, 0, -0, -0.314159, -0
1.41, -0.141, 2.50555, -1.04035, 0, 0, 0, -0, -0.314159, -0
1.415, -0.1415, 2.51866, -1.06926, 0, 0, 0, -0, -0.314159, -0
1.42, -0.142, 2.53178, -1.09842, 0, 0, 0, -0, -0.314159, -0
1.425, -0.1425, 2.5449, -1.12782, 0, 0, 0, -0, -0.314159, -0
1.43, -0.143, 2.55802, -1.15746, 0, 0, 0, -0, -0.314159, -0
1.435, -0.1435, 2.57114, -1.18735, 0, 0, 0, -0, -0.314159, -0
1.44, -0.144, 2.58425, -1.21749, 0, 0, 0, -0, -0.314159, -0
1.445, -0.1445, 2.59737, -1.24787, 0, 0, 0, -0, -0.314159, -0
1.45, -0.145, 2.61049, -1.2785, 0, 0, 0, -0, -0.314159, -0
1.455, -0.1455, 2.62361, -1.30937, 0, 0, 0, -0, -0.314159, -0
1.46, -0.146, 2.63673, -1.34049, 0, 0, 0, -0, -0.314159, -0
1.465, -0.1465, 2.64984, -1.37185, 0, 0, 0, -0, -0.314159, -0
1.47, -0.147, 2.66296, -1.40346, 0, 0, 0, -0, -0.314159, -0
1.475, -0.1475, 2.67608, -1.43531, 0, 0, 0, -0, -0.314159, -0
1.48, -0.148, 2.6892, -1.46741, 0, 0, 0, -0, -0.314159, -0
1.485, -0.1485, 2.70232, -1.49975, 0, 0, 0, -0, -0.314159, -0
1.49, -0.149, 2.71544, -1.53234, 0, 0, 0, -0, -0.314159, -0
1.495, -0.1495, 2.72855, -1.56517, 0, 0, 0, -0, -0.314159, -0
1.5, -0.15, 2.74167, -1.59825, 0, 0, 0, -0, -0.314159, -0
1.505, -0.1505, 2.75479, -1.63158, 0, 0, 0, -0, -0.314159, -0
1.51, -0.151, 2.76791, -1.66515, 0, 0, 0, -0, -0.314159, -0
1.515, -0.1515, 2.78103, -1.69896, 0, 0, 0, -0, -0.314159, -0
1.52, -0.152, 2.79414, -1.73302, 0, 0, 0, -0, -0.314159, -0
1.525, -0.1525, 2.80726, -1.76733, 0, 0, 0, -0, -0.314159, -0
1.53, -0.153, 2.82038, -1.80188, 0, 0, 0, -0, -0.314159, -0
1.535, -0.1535, 2.8335, -1.83667, 0, 0, 0, -0, -0.314159, -0
1.54, -0.154, 2.84662, -1.87172, 0, 0, 0, -0, -0.314159, -0
1.545, -0.1545, 2.85973, -1.907, 0, 0, 0, -0, -0.314159, -0
1.55, -0.155, 2.87285, -1.94253, 0, 0, 0, -0, -0.314159, -0
1.555, -0.1555, 2.88597, -1.97831, 0, 0, 0, -0, -0.314159, -0
1.56, -0.156, 2.89909, -2.01433, 0, 0, 0, -0, -0.314159, -0
1.565, -0.1565, 2.91221, -2.0506, 0, 0, 0, -0, -0.314159, -0
1.57, -0.157, 2.92532, -2.08711, 0, 0, 0, -0, -0.314159, -0
1.575, -0.1575, 2.93844, -2.12387, 0, 0, 0, -0, -0.314159, -0
1.58, -0.158, 2.95156, -2.16087, 0, 0, 0, -0, -0.314159, -0
1.585, -0.1585, 2.96468, -2.19812, 0, 0, 0, -0, -0.314159, -0
1.59, -0.159, 2.9778, -2.23562, 0, 0, 0, -0, -0.314159, -0
1.595, -0.1595, 2.99091, -2.27336, 0, 0, 0, -0, -0.314159, -0
1.6, -0.16, 3.00403, -2.31134, 0, 0, 0, -0, -0.314159, -0
1.605, -0.1605, 3.01715, -2.34957, 0, 0, 0, -0, -0.314159, -0
1.61, -0.161, 3.03027, -2.38804, 0, 0, 0, -0, -0.314159, -0
1.615, -0.1615, 3.04339, -2.42676, 0, 0, 0, -0, -0.314159, -0
1.62, -0.162, 3.0565, -2.46573, 0, 0, 0, -0, -0.314159, -0
1.625, -0.1625, 3.06962, -2.50494, 0, 0, 0, -0, -0.314159, -0
1.63, -0.163, 3.08274, -2.5444, 0, 0, 0, -0, -0.314159, -0
1.635, -0.1635, 3.09586, -2.5841, 0, 0, 0, -0, -0.314159, -0
1.64, -0.164, 3.10898, -2.62404, 0, 0, 0, -0, -0.314159, -0
1.645, -0.1645, 3.12209, -2.66423, 0, 0, 0, -0, -0.314159, -0
1.65, -0.165, 3.13521, -2.70467, 0, 0, 0, -0, -0.314159, -0
1.655, -0.1655, 3.14833, -2.74535, 0, 0, 0, -0, -0.314159, -0
1.66, -0.166, 3.16145, -2.78628, 0, 0, 0, -0, -0.314159, -0
1.665, -0.1665, 3.17457, -2.82745, 0, 0, 0, -0, -0.314159, -0
1.67, -0.167, 3.18768, -2.86887, 0, 0, 0, -0, -0.314159, -0
1.675, -0.1675, 3.2008, -2.91053, 0, 0, 0, -0, -0.314159, -0
1.68, -0.168, 3.21392, -2.95244, 0, 0, 0, -0, -0.314159, -0
1.685, -0.1685, 3.22704, -2.99459, 0, 0, 0, -0, -0.314159, -0
1.69, -0.169, 3.24016, -3.03699, 0, 0, 0, -0, -0.314159, -0
1.695, -0.1695, 3.25327, -3.07964, 0, 0, 0, -0, -0.314159, -0
1.7, -0.17, 3.26639, -3.12253, 0, 0, 0, -0, -0.314159, -0
1.705, -0.1705, 3.27951, -3.16566, 0, 0, 0, -0, -0.314159, -0
1.71, -0.171, 3.29263, -3.20904, 0, 0, 0, -0, -0.314159, -0
1.715, -0.1715, 3.30575, -3.25266, 0, 0, 0, -0, -0.314159, -0
1.72, -0.172, 3.31887, -3.29654, 0, 0, 0, -0, -0.314159, -0
1.725, -0.1725, 3.33198, -3.34065, 0, 0, 0, -0, -0.314159, -0
1.73, -0.173, 3.3451, -3.38501, 0, 0, 0, -0, -0.314159, -0
1.735, -0.1735, 3.35822, -3.42962, 0, 0, 0, -0, -0.314159, -0
1.74, -0.174, 3.37134, -3.47447, 0, 0, 0, -0, -0.314159, -0
1.745, -0.1745, 3.38446, -3.51956, 0, 0, 0, -0, -0.314159, -0
1.75, -0.175, 3.39757, -3.56491, 0, 0, 0, -0, -0.314159, -0
1.755, -0.1755, 3.41069, -3.61049, 0, 0, 0, -0, -0.314159, -0
1.76, -0.176, 3.42381, -3.65633, 0, 0, 0, -0, -0.314159, -0
1.765, -0.1765, 3.43693, -3.7024, 0, 0, 0, -0, -0.314159, -0
1.77, -0.177, 3.45005, -3.74873, 0, 0, 0, -0, -0.314159, -0
1.775, -0.1775, 3.46316, -3.79529, 0, 0, 0, -0, -0.314159, -0
1.78, -0.178, 3.47628, -3.84211, 0, 0, 0, -0, -0.314159, -0
1.785, -0.1785, 3.4894, -3.88917, 0, 0, 0, -0, -0.314159, -0
1.79, -0.179, 3.50252, -3.93647, 0, 0, 0, -0, -0.314159, -0
1.795, -0.1795, 3.51564, -3.98402, 0, 0, 0, -0, -0.314159, -0
1.8, -0.18, 3.52875, -4.03181, 0, 0, 0, -0, -0.314159, -0
1.805, -0.1805, 3.54187, -4.07985, 0, 0, 0, -0, -0.314159, -0
1.81, -0.181, 3.55499, -4.12814, 0, 0, 0, -0, -0.314159, -0
1.815, -0.1815, 3.56811, -4.17667, 0, 0, 0, -0, -0.314159, -0
1.82, -0.182, 3.58123, -4.22544, 0, 0, 0, -0, -0.314159, -0
1.825, -0.1825, 3.59434, -4.27446, 0, 0, 0, -0, -0.314159, -0
1.83, -0.183, 3.60746, -4.32373, 0, 0, 0, -0, -0.314159, -0
1.835, -0.1835, 3.62058, -4.37324, 0, 0, 0, -0, -0.314159, -0
1.84, -0.184, 3.6337, -4.42299, 0, 0, 0, -0, -0.314159, -0
1.845, -0.1845, 3.64682, -4.473, 0, 0, 0, -0, -0.314159, -0
1.85, -0.185, 3.65993, -4.52324, 0, 0, 0, -0, -0.314159, -0
1.855, -0.1855, 3.67305, -4.57373, 0, 0, 0, -0, -0.314159, -0
1.86, -0.186, 3.68617, -4.62447, 0, 0, 0, -0, -0.314159, -0
1.865, -0.1865, 3.69929, -4.67545, 0, 0, 0, -0, -0.314159, -0
1.87, -0.187, 3.71241, -4.72668, 0, 0, 0, -0, -0.314159, -0
1.875, -0.1875, 3.72552, -4.77815, 0, 0, 0, -0, -0.314159, -0
1.88, -0.188, 3.73864, -4.82987, 0, 0, 0, -0, -0.314159, -0
1.885, -0.1885, 3.75176, -4.88184, 0, 0, 0, -0, -0.314159, -0
1.89, -0.189, 3.76488, -4.93405, 0, 0, 0, -0, -0.314159, -0
1.895, -0.1895, 3.778, -4.9865, 0, 0, 0, -0, -0.314159, -0
1.9, -0.19, 3.79111, -5.0392, 0, 0, 0, -0, -0.314159, -0
1.905, -0.1905, 3.80423, -5.09214, 0, 0, 0, -0, -0.314159, -0
1.91, -0.191, 3.81735, -5.14533, 0, 0, 0, -0, -0.314159, -0
1.915, -0.1915, 3.83047, -5.19877, 0, 0, 0, -0, -0.314159, -0
1.92, -0.192, 3.84359, -5.25245, 0, 0, 0, -0, -0.314159, -0
1.925, -0.1925, 3.85671, -5.30637, 0, 0, 0, -0, -0.314159, -0
1.93, -0.193, 3.86982, -5.36054, 0, 0, 0, -0, -0.314159, -0
1.935, -0.1935, 3.88294, -5.41496, 0, 0, 0, -0, -0.314159, -0
1.94, -0.194, 3.89606, -5.46962, 0, 0, 0, -0, -0.314159, -0
1.945, -0.1945, 3.90918, -5.52453, 0, 0, 0, -0, -0.314159, -0
1.95, -0.195, 3.9223, -5.57968, 0, 0, 0, -0, -0.314159, -0
1.955, -0.1955, 3.93541, -5.63508, 0, 0, 0, -0, -0.314159, -0
1.96, -0.196, 3.94853, -5.69072, 0, 0, 0, -0, -0.314159, -0
1.965, -0.1965, 3.96165, -5.74661, 0, 0, 0, -0, -0.314159, -0
1.97, -0.197, 3.97477, -5.80274, 0, 0, 0, -0, -0.314159, -0
1.975, -0.1975, 3.98789, -5.85912, 0, 0, 0, -0, -0.314159, -0
1.98, -0.198, 4.001, -5.91574, 0, 0, 0, -0, -0.314159, -0
1.985, -0.1985, 4.01412, -5.97261, 0, 0, 0, -0, -0.314159, -0
1.99, -0.199, 4.02724, -6.02972, 0, 0, 0, -0, -0.314159, -0
1.995, -0.1995, 4.04036, -6.08708, 0, 0, 0, -0, -0.314159, -0
2, -0.2, 4.05348, -6.14468, 0, 0, 0, -0, -0.314159, -0
2.005, -0.2005, 4.06659, -6.20253, 0, 0, 0, -0, -0.314159, -0
2.01, -0.201, 4.07971, -6.26063, 0, 0, 0, -0, -0.314159, -0
2.015, -0.2015, 4.09283, -6.31897, 0, 0, 0, -0, -0.314159, -0
2.02, -0.202, 4.10595, -6.37755, 0, 0, 0, -0, -0.314159, -0
2.025, -0.2025, 4.11907, -6.43638, 0, 0, 0, -0, -0.314159, -0
2.03, -0.203, 4.13218, -6.49546, 0, 0, 0, -0, -0.314159, -0
2.035, -0.2035, 4.1453, -6.55478, 0, 0, 0, -0, -0.314159, -0
2.04, -0.204, 4.15842, -6.61435, 0, 0, 0, -0, -0.314159, -0
2.045, -0.2045, 4.17154, -6.67416, 0, 0, 0, -0, -0.314159, -0
2.05, -0.205, 4.18466, -6.73422, 0, 0, 0, -0, -0.314159, -0
2.055, -0.2055, 4.19777, -6.79452, 0, 0, 0, -0, -0.314159, -0
2.06, -0.206, 4.21089, -6.85506, 0, 0, 0, -0, -0.314159, -0
2.065, -0.2065, 4.22401, -6.91586, 0, 0, 0, -0, -0.314159, -0
2.07, -0.207, 4.23713, -6.97689, 0, 0, 0, -0, -0.314159, -0
2.075, -0.2075, 4.25025, -7.03818, 0, 0, 0, -0, -0.314159, -0
2.08, -0.208, 4.26336, -7.09971, 0, 0, 0, -0, -0.314159, -0
2.085, -0.2085, 4.27648, -7.16148, 0, 0, 0, -0, -0.314159, -0
2.09, -0.209, 4.2896, -7.2235, 0, 0, 0, -0, -0.314159, -0
2.095, -0.2095, 4.30272, -7.28576, 0, 0, 0, -0, -0.314159, -0
2.1, -0.21, 4.31584, -7.34827, 0, 0, 0, -0, -0.314159, -0
2.105, -0.2105, 4.32895, -7.41103, 0, 0, 0, -0, -0.314159, -0
2.11, -0.211, 4.34207, -7.47402, 0, 0, 0, -0, -0.314159, -0
2.115, -0.2115, 4.35519, -7.53727, 0, 0, 0, -0, -0.314159, -0
2.12, -0.212, 4.36831, -7.60076, 0, 0, 0, -0, -0.314159, -0
2.125, -0.2125, 4.38143, -7.6645, 0, 0, 0, -0, -0.314159, -0
2.13, -0.213, 4.39454, -7.72848, 0, 0, 0, -0, -0.314159, -0
2.135, -0.2135, 4.40766, -7.7927, 0, 0, 0, -0, -0.314159, -0
2.14, -0.214, 4.42078, -7.85717, 0, 0, 0, -0, -0.314159, -0
2.145, -0.2145, 4.4339, -7.92189, 0, 0, 0, -0, -0.314159, -0
2.15, -0.215, 4.44702, -7.98685, 0, 0, 0, -0, -0.314159, -0
2.155, -0.2155, 4.46014, -8.05206, 0, 0, 0, -0, -0.314159, -0
2.16, -0.216, 4.47325, -8.11751, 0, 0, 0, -0, -0.314159, -0
2.165, -0.2165, 4.48637, -8.18321, 0, 0, 0, -0, -0.314159, -0
2.17, -0.217, 4.49949, -8.24915, 0, 0, 0, -0, -0.314159, -0
2.175, -0.2175, 4.51261, -8.31534, 0, 0, 0, -0, -0.314159, -0
2.18, -0.218, 4.52573, -8.38177, 0, 0, 0, -0, -0.314159, -0
2.185, -0.2185, 4.53884, -8.44845, 0, 0, 0, -0, -0.314159, -0
2.19, -0.219, 4.55196, -8.51537, 0, 0, 0, -0, -0.314159, -0
2.195, -0.2195, 4.56508, -8.58254, 0, 0, 0, -0, -0.314159, -0
2.2, -0.22, 4.5782, -8.64996, 0, 0, 0, -0, -0.314159, -0
2.205, -0.2205, 4.59132, -8.71762, 0, 0, 0, -0, -0.314159, -0
2.21, -0.221, 4.60443, -8.78552, 0, 0, 0, -0, -0.314159, -0
2.215, -0.2215, 4.61755, -8.85367, 0, 0, 0, -0, -0.314159, -0
2.22, -0.222, 4.63067, -8.92207, 0, 0, 0, -0, -0.314159, -0
2.225, -0.2225, 4.64379, -8.99071, 0, 0, 0, -0, -0.314159, -0
2.23, -0.223, 4.65691, -9.05959, 0, 0, 0, -0, -0.314159, -0
2.235, -0.2235, 4.67002, -9.12872, 0, 0, 0, -0, -0.314159, -0
2.24, -0.224, 4.68314, -9.1981, 0, 0, 0, -0, -0.314159, -0
2.245, -0.2245, 4.69626, -9.26772, 0, 0, 0, -0, -0.314159, -0
2.25, -0.225, 4.70938, -9.33759, 0, 0, 0, -0, -0.314159, -0
2.255, -0.2255, 4.7225, -9.4077, 0, 0, 0, -0, -0.314159, -0
2.26, -0.226, 4.73561, -9.47806, 0, 0, 0, -0, -0.314159, -0
2.265, -0.2265, 4.74873, -9.54866, 0, 0, 0, -0, -0.314159, -0
2.27, -0.227, 4.76185, -9.61951, 0, 0, 0, -0, -0.314159, -0
2.275, -0.2275, 4.77497, -9.6906, 0, 0, 0, -0, -0.314159, -0
2.28, -0.228, 4.78809, -9.76194, 0, 0, 0, -0, -0.314159, -0
2.285, -0.2285, 4.8012, -9.83352, 0, 0, 0, -0, -0.314159, -0
2.29, -0.229, 4.81432, -9.90535, 0, 0, 0, -0, -0.314159, -0
2.295, -0.2295, 4.82744, -9.97742, 0, 0, 0, -0, -0.314159, -0
2.3, -0.23, 4.84056, -10.0497, 0, 0, 0, -0, -0.314159, -0
2.305, -0.2305, 4.85368, -10.1223, 0, 0, 0, -0, -0.314159, -0
2.31, -0.231, 4.86679, -10.1951, 0, 0, 0, -0, -0.314159, -0
2.315, -0.2315, 4.87991, -10.2682, 0, 0, 0, -0, -0.314159, -0
2.32, -0.232, 4.89303, -10.3415, 0, 0, 0, -0, -0.314159, -0
2.325, -0.2325, 4.90615, -10.415, 0, 0, 0, -0, -0.314159, -0
2.33, -0.233, 4.91927, -10.4888, 0, 0, 0, -0, -0.314159, -0
2.335, -0.2335, 4.93238, -10.5628, 0, 0, 0, -0, -0.314159, -0
2.34, -0.234, 4.9455, -10.6371, 0, 0, 0, -0, -0.314159, -0
2.345, -0.2345, 4.95862, -10.7117, 0, 0, 0, -0, -0.314159, -0
2.35, -0.235, 4.97174, -10.7864, 0, 0, 0, -0, -0.314159, -0
2.355, -0.2355, 4.98486, -10.8614, 0, 0, 0, -0, -0.314159, -0
2.36, -0.236, 4.99797, -10.9367, 0, 0, 0, -0, -0.314159, -0
2.365, -0.2365, 5.01109, -11.0122, 0, 0, 0, -0, -0.314159, -0
2.37, -0.237, 5.02421, -11.088, 0, 0, 0, -0, -0.314159, -0
2.375, -0.2375, 5.03733, -11.164, 0, 0, 0, -0, -0.314159, -0
2.38, -0.238, 5.05045, -11.2402, 0, 0, 0, -0, -0.314159, -0
2.385, -0.2385, 5.06357, -11.3167, 0, 0, 0, -0, -0.314159, -0
2.39, -0.239, 5.07668, -11.3934, 0, 0, 0, -0, -0.314159, -0
2.395, -0.2395, 5.0898, -11.4704, 0, 0, 0, -0, -0.314159, -0
2.4, -0.24, 5.10292, -11.5476, 0, 0, 0, -0, -0.314159, -0
2.405, -0.2405, 5.11604, -11.6251, 0, 0, 0, -0, -0.314159, -0
2.41, -0.241, 5.12916, -11.7028, 0, 0, 0, -0, -0.314159, -0
2.415, -0.2415, 5.14227, -11.7808, 0, 0, 0, -0, -0.314159, -0
2.42, -0.242, 5.15539, -11.859, 0, 0, 0, -0, -0.314159, -0
2.425, -0.2425, 5.16851, -11.9374, 0, 0, 0, -0, -0.314159, -0
2.43, -0.243, 5.18163, -12.0161, 0, 0, 0, -0, -0.314159, -0
2.435, -0.2435, 5.19475, -12.0951, 0, 0, 0, -0, -0.314159, -0
2.44, -0.244, 5.20786, -12.1743, 0, 0, 0, -0, -0.314159, -0
2.445, -0.2445, 5.22098, -12.2537, 0, 0, 0, -0, -0.314159, -0
2.45, -0.245, 5.2341, -12.3334, 0, 0, 0, -0, -0.314159, -0
2.455, -0.2455, 5.24722, -12.4133, 0, 0, 0, -0, -0.314159, -0
2.46, -0.246, 5.26034, -12.4934, 0, 0, 0, -0, -0.314159, -0
2.465, -0.2465, 5.27345, -12.5739, 0, 0, 0, -0, -0.314159, -0
2.47, -0.247, 5.28657, -12.6545, 0, 0, 0, -0, -0.314159, -0
2.475, -0.2475, 5.29969, -12.7354, 0, 0, 0, -0, -0.314159, -0
2.48, -0.248, 5.31281, -12.8166, 0, 0, 0, -0, -0.314159, -0
2.485, -0.2485, 5.32593, -12.898, 0, 0, 0, -0, -0.314159, -0
2.49, -0.249, 5.33904, -12.9796, 0, 0, 0, -0, -0.314159, -0
2.495, -0.2495, 5.35216, -13.0615, 0, 0, 0, -0, -0.314159, -0
2.5, -0.25, 5.36528, -13.1436, 0, 0, 0, -0, -0.314159, -0
2.505, -0.2505, 5.3784, -13.226, 0, 0, 0, -0, -0.314159, -0
2.51, -0.251, 5.39152, -13.3086, 0, 0, 0, -0, -0.314159, -0
2.515, -0.2515, 5.40463, -13.3915, 0, 0, 0, -0, -0.314159, -0
2.52, -0.252, 5.41775, -13.4746, 0, 0, 0, -0, -0.314159, -0
2.525, -0.2525, 5.43087, -13.5579, 0, 0, 0, -0, -0.314159, -0
2.53, -0.253, 5.44399, -13.6415, 0, 0, 0, -0, -0.314159, -0
2.535, -0.2535, 5.45711, -13.7254, 0, 0, 0, -0, -0.314159, -0
2.54, -0.254, 5.47022, -13.8095, 0, 0, 0, -0, -0.314159, -0
2.545, -0.2545, 5.48334, -13.8938, 0, 0, 0, -0, -0.314159, -0
2.55, -0.255, 5.49646, -13.9784, 0, 0, 0, -0, -0.314159, -0
2.555, -0.2555, 5.50958, -14.0632, 0, 0, 0, -0, -0.314159, -0
2.56, -0.256, 5.5227, -14.1483, 0, 0, 0, -0, -0.314159, -0
2.565, -0.2565, 5.53581, -14.2336, 0, 0, 0, -0, -0.314159, -0
2.57, -0.257, 5.54893, -14.3192, 0, 0, 0, -0, -0.314159, -0
2.575, -0.2575, 5.56205, -14.405, 0, 0, 0, -0, -0.314159, -0
2.58, -0.258, 5.57517, -14.491, 0, 0, 0, -0, -0.314159, -0
2.585, -0.2585, 5.58829, -14.5773, 0, 0, 0, -0, -0.314159, -0
2.59, -0.259, 5.6014, -14.6639, 0, 0, 0, -0, -0.314159, -0
2.595, -0.2595, 5.61452, -14.7507, 0, 0, 0, -0, -0.314159, -0
2.6, -0.26, 5.62764, -14.8377, 0, 0, 0, -0, -0.314159, -0
2.605, -0.2605, 5.64076, -14.925, 0, 0, 0, -0, -0.314159, -0
2.61, -0.261, 5.65388, -15.0125, 0, 0, 0, -0, -0.314159, -0
2.615, -0.2615, 5.667, -15.1003, 0, 0, 0, -0, -0.314159, -0
2.62, -0.262, 5.68011, -15.1883, 0, 0, 0, -0, -0.314159, -0
2.625, -0.2625, 5.69323, -15.2766, 0, 0, 0, -0, -0.314159, -0
2.63, -0.263, 5.70635, -15.3651, 0, 0, 0, -0, -0.314159, -0
2.635, -0.2635, 5.71947, -15.4538, 0, 0, 0, -0, -0.314159, -0
2.64, -0.264, 5.73259, -15.5428, 0, 0, 0, -0, -0.314159, -0
2.645, -0.2645, 5.7457, -15.632, 0, 0, 0, -0, -0.314159, -0
2.65, -0.265, 5.75882, -15.7215, 0, 0, 0, -0, -0.314159, -0
2.655, -0.2655, 5.77194, -15.8113, 0, 0, 0, -0, -0.314159, -0
2.66, -0.266, 5.78506, -15.9012, 0, 0, 0, -0, -0.314159, -0
2.665, -0.2665, 5.79818, -15.9915, 0, 0, 0, -0, -0.314159, -0
2.67, -0.267, 5.81129, -16.0819, 0, 0, 0, -0, -0.314159, -0
2.675, -0.2675, 5.82441, -16.1726, 0, 0, 0, -0, -0.314159, -0
2.68, -0.268, 5.83753, -16.2636, 0, 0, 0, -0, -0.314159, -0
2.685, -0.2685, 5.85065, -16.3548, 0, 0, 0, -0, -0.314159, -0
2.69, -0.269, 5.86377, -16.4463, 0, 0, 0, -0, -0.314159, -0
2.695, -0.2695, 5.87688, -16.5379, 0, 0, 0, -0, -0.314159, -0
2.7, -0.27, 5.89, -16.6299, 0, 0, 0, -0, -0.314159, -0
2.705, -0.2705, 5.90312, -16.7221, 0, 0, 0, -0, -0.314159, -0
2.71, -0.271, 5.91624, -16.8145, 0, 0, 0, -0, -0.314159, -0
2.715, -0.2715, 5.92936, -16.9072, 0, 0, 0, -0, -0.314159, -0
2.72, -0.272, 5.94247, -17.0001, 0, 0, 0, -0, -0.314159, -0
2.725, -0.2725, 5.95559, -17.0933, 0, 0, 0, -0, -0.314159, -0
2.73, -0.273, 5.96871, -17.1867, 0, 0, 0, -0, -0.314159, -0
2.735, -0.2735, 5.98183, -17.2803, 0, 0, 0, -0, -0.314159, -0
2.74, -0.274, 5.99495, -17.3742, 0, 0, 0, -0, -0.314159, -0
2.745, -0.2745, 6.00806, -17.4684, 0, 0, 0, -0, -0.314159, -0
2.75, -0.275, 6.02118, -17.5628, 0, 0, 0, -0, -0.314159, -0
2.755, -0.2755, 6.0343, -17.6574, 0, 0, 0, -0, -0.314159, -0
2.76, -0.276, 6.04742, -17.7523, 0, 0, 0, -0, -0.314159, -0
2.765, -0.2765, 6.06054, -17.8474, 0, 0, 0, -0, -0.314159, -0
2.77, -0.277, 6.07365, -17.9428, 0, 0, 0, -0, -0.314159, -0
2.775, -0.2775, 6.08677, -18.0384, 0, 0, 0, -0, -0.314159, -0
2.78, -0.278, 6.09989, -18.1343, 0, 0, 0, -0, -0.314159, -0
2.785, -0.2785, 6.11301, -18.2304, 0, 0, 0, -0, -0.314159, -0
2.79, -0.279, 6.12613, -18.3267, 0, 0, 0, -0, -0.314159, -0
2.795, -0.2795, 6.13924, -18.4233, 0, 0, 0, -0, -0.314159, -0
2.8, -0.28, 6.15236, -18.5202, 0, 0, 0, -0, -0.314159, -0
2.805, -0.2805, 6.16548, -18.6173, 0, 0, 0, -0, -0.314159, -0
2.81, -0.281, 6.1786, -18.7146, 0, 0, 0, -0, -0.314159, -0
2.815, -0.2815, 6.19172, -18.8122, 0, 0, 0, -0, -0.314159, -0
2.82, -0.282, 6.20483, -18.91, 0, 0, 0, -0, -0.314159, -0
2.825, -0.2825, 6.21795, -19.0081, 0, 0, 0, -0, -0.314159, -0
2.83, -0.283, 6.23107, -19.1064, 0, 0, 0, -0, -0.314159, -0
2.835, -0.2835, 6.24419, -19.205, 0, 0, 0, -0, -0.314159, -0
2.84, -0.284, 6.25731, -19.3038, 0, 0, 0, -0, -0.314159, -0
2.845, -0.2845, 6.27043, -19.4028, 0, 0, 0, -0, -0.314159, -0
2.85, -0.285, 6.28354, -19.5021, 0, 0, 0, -0, -0.314159, -0
2.855, -0.2855, 6.29666, -19.6016, 0, 0, 0, -0, -0.314159, -0
2.86, -0.286, 6.30978, -19.7014, 0, 0, 0, -0, -0.314159, -0
2.865, -0.2865, 6.3229, -19.8015, 0, 0, 0, -0, -0.314159, -0
2.87, -0.287, 6.33602, -19.9017, 0, 0, 0, -0, -0.314159, -0
2.875, -0.2875, 6.34913, -20.0023, 0, 0, 0, -0, -0.314159, -0
2.88, -0.288, 6.36225, -20.103, 0, 0, 0, -0, -0.314159, -0
2.885, -0.2885, 6.37537, -20.204, 0, 0, 0, -0, -0.314159, -0
2.89, -0.289, 6.38849, -20.3053, 0, 0, 0, -0, -0.314159, -0
2.895, -0.2895, 6.40161, -20.4068, 0, 0, 0, -0, -0.314159, -0
2.9, -0.29, 6.41472, -20.5086, 0, 0, 0, -0, -0.314159, -0
2.905, -0.2905, 6.42784, -20.6106, 0, 0, 0, -0, -0.314159, -0
2.91, -0.291, 6.44096, -20.7128, 0, 0, 0, -0, -0.314159, -0
2.915, -0.2915, 6.45408, -20.8153, 0, 0, 0, -0, -0.314159, -0
2.92, -0.292, 6.4672, -20.918, 0, 0, 0, -0, -0.314159, -0
2.925, -0.2925, 6.48031, -21.021, 0, 0, 0, -0, -0.314159, -0
2.93, -0.293, 6.49343, -21.1242, 0, 0, 0, -0, -0.314159, -0
2.935, -0.2935, 6.50655, -21.2277, 0, 0, 0, -0, -0.314159, -0
2.94, -0.294, 6.51967, -21.3314, 0, 0, 0, -0, -0.314159, -0
2.945, -0.2945, 6.53279, -21.4353, 0, 0, 0, -0, -0.314159, -0
2.95, -0.295, 6.5459, -21.5395, 0, 0, 0, -0, -0.314159, -0
2.955, -0.2955, 6.55902, -21.644, 0, 0, 0, -0, -0.314159, -0
2.96, -0.296, 6.57214, -21.7487, 0, 0, 0, -0, -0.314159, -0
2.965, -0.2965, 6.58526, -21.8536, 0, 0, 0, -0, -0.314159, -0
2.97, -0.297, 6.59838, -21.9588, 0, 0, 0, -0, -0.314159, -0
2.975, -0.2975, 6.61149, -22.0642, 0, 0, 0, -0, -0.314159, -0
2.98, -0.298, 6.62461, -22.1699, 0, 0, 0, -0, -0.314159, -0
2.985, -0.2985, 6.63773, -22.2758, 0, 0, 0, -0, -0.314159, -0
2.99, -0.299, 6.65085, -22.382, 0, 0, 0, -0, -0.314159, -0
2.995, -0.2995, 6.66397, -22.4884, 0, 0, 0, -0, -0.314159, -0
3, -0.3, 6.67708, -22.595, 0, 0, 0, -0, -0.314159, -0
3.005, -0.3005, 6.6902, -22.7019, 0, 0, 0, -0, -0.314159, -0
3.01, -0.301, 6.70332, -22.8091, 0, 0, 0, -0, -0.314159, -0
3.015, -0.3015, 6.71644, -22.9165, 0, 0, 0, -0, -0.314159, -0
3.02, -0.302, 6.72956, -23.0241, 0, 0, 0, -0, -0.314159, -0
3.025, -0.3025, 6.74267, -23.132, 0, 0, 0, -0, -0.314159, -0
3.03, -0.303, 6.75579, -23.2401, 0, 0, 0, -0, -0.314159, -0
3.035, -0.3035, 6.76891, -23.3485, 0, 0, 0, -0, -0.314159, -0
3.04, -0.304, 6.78203, -23.4571, 0, 0, 0, -0, -0.314159, -0
3.045, -0.3045, 6.79515, -23.566, 0, 0, 0, -0, -0.314159, -0
3.05, -0.305, 6.80826, -23.6751, 0, 0, 0, -0, -0.314159, -0
3.055, -0.3055, 6.82138, -23.7844, 0, 0, 0, -0, -0.314159, -0
3.06, -0.306, 6.8345, -23.894, 0, 0, 0, -0, -0.314159, -0
3.065, -0.3065, 6.84762, -24.0039, 0, 0, 0, -0, -0.314159, -0
3.07, -0.307, 6.86074, -24.114, 0, 0, 0, -0, -0.314159, -0
3.075, -0.3075, 6.87386, -24.2243, 0, 0, 0, -0, -0.314159, -0
3.08, -0.308, 6.88697, -24.3349, 0, 0, 0, -0, -0.314159, -0
3.085, -0.3085, 6.90009, -24.4457, 0, 0, 0, -0, -0.314159, -0
3.09, -0.309, 6.91321, -24.5568, 0, 0, 0, -0, -0.314159, -0
3.095, -0.3095, 6.92633, -24.6681, 0, 0, 0, -0, -0.314159, -0
3.1, -0.31, 6.93945, -24.7796, 0, 0, 0, -0, -0.314159, -0
3.105, -0.3105, 6.95256, -24.8914, 0, 0, 0, -0, -0.314159, -0
3.11, -0.311, 6.96568, -25.0035, 0, 0, 0, -0, -0.314159, -0
3.115, -0.3115, 6.9788, -25.1158, 0, 0, 0, -0, -0.314159, -0
3.12, -0.312, 6.99192, -25.2283, 0, 0, 0, -0, -0.314159, -0
3.125, -0.3125, 7.00504, -25.3411, 0, 0, 0, -0, -0.314159, -0
3.13, -0.313, 7.01815, -25.4541, 0, 0, 0, -0, -0.314159, -0
3.135, -0.3135, 7.03127, -25.5674, 0, 0, 0, -0, -0.314159, -0
3.14, -0.314, 7.04439, -25.6809, 0, 0, 0, -0, -0.314159, -0
3.145, -0.3145, 7.05751, -25.7947, 0, 0, 0, -0, -0.314159, -0
3.15, -0.315, 7.07063, -25.9087, 0, 0, 0, -0, -0.314159, -0
3.155, -0.3155, 7.08374, -26.023, 0, 0, 0, -0, -0.314159, -0
3.16, -0.316, 7.09686, -26.1375, 0, 0, 0, -0, -0.314159, -0
3.165, -0.3165, 7.10998, -26.2522, 0, 0, 0, -0, -0.314159, -0
3.17, -0.317, 7.1231, -26.3672, 0, 0, 0, -0, -0.314159, -0
3.175, -0.3175, 7.13622, -26.4825, 0, 0, 0, -0, -0.314159, -0
3.18, -0.318, 7.14933, -26.5979, 0, 0, 0, -0, -0.314159, -0
3.185, -0.3185, 7.16245, -26.7137, 0, 0, 0, -0, -0.314159, -0
3.19, -0.319, 7.17557, -26.8296, 0, 0, 0, -0, -0.314159, -0
3.195, -0.3195, 7.18869, -26.9459, 0, 0, 0, -0, -0.314159, -0
3.2, -0.32, 7.20181, -27.0623, 0, 0, 0, -0, -0.314159, -0
3.205, -0.3205, 7.21492, -27.179, 0, 0, 0, -0, -0.314159, -0
3.21, -0.321, 7.22804, -27.296, 0, 0, 0, -0, -0.314159, -0
3.215, -0.3215, 7.24116, -27.4132, 0, 0, 0, -0, -0.314159, -0
3.22, -0.322, 7.25428, -27.5306, 0, 0, 0, -0, -0.314159, -0
3.225, -0.3225, 7.2674, -27.6483, 0, 0, 0, -0, -0.314159, -0
3.23, -0.323, 7.28051, -27.7663, 0, 0, 0, -0, -0.314159, -0
3.235, -0.3235, 7.29363, -27.8844, 0, 0, 0, -0, -0.314159, -0
3.24, -0.324, 7.30675, -28.0029, 0, 0, 0, -0, -0.314159, -0
3.245, -0.3245, 7.31987, -28.1215, 0, 0, 0, -0, -0.314159, -0
3.25, -0.325, 7.33299, -28.2404, 0, 0, 0, -0, -0.314159, -0
3.255, -0.3255, 7.3461, -28.3596, 0, 0, 0, -0, -0.314159, -0
3.26, -0.326, 7.35922, -28.479, 0, 0, 0, -0, -0.314159, -0
3.265, -0.3265, 7.37234, -28.5987, 0, 0, 0, -0, -0.314159, -0
3.27, -0.327, 7.38546, -28.7186, 0, 0, 0, -0, -0.314159, -0
3.275, -0.3275, 7.39858, -28.8387, 0, 0, 0, -0, -0.314159, -0
3.28, -0.328, 7.4117, -28.9591, 0, 0, 0, -0, -0.314159, -0
3.285, -0.3285, 7.42481, -29.0797, 0, 0, 0, -0, -0.314159, -0
3.29, -0.329, 7.43793, -29.2006, 0, 0, 0, -0, -0.314159, -0
3.295, -0.3295, 7.45105, -29.3217, 0, 0, 0, -0, -0.314159, -0
3.3, -0.33, 7.46417, -29.4431, 0, 0, 0, -0, -0.314159, -0
3.305, -0.3305, 7.47729, -29.5647, 0, 0, 0, -0, -0.314159, -0
3.31, -0.331, 7.4904, -29.6866, 0, 0, 0, -0, -0.314159, -0
3.315, -0.3315, 7.50352, -29.8087, 0, 0, 0, -0, -0.314159, -0
3.32, -0.332, 7.51664, -29.931, 0, 0, 0, -0, -0.314159, -0
3.325, -0.3325, 7.52976, -30.0536, 0, 0, 0, -0, -0.314159, -0
3.33, -0.333, 7.54288, -30.1765, 0, 0, 0, -0, -0.314159, -0
3.335, -0.3335, 7.55599, -30.2996, 0, 0, 0, -0, -0.314159, -0
3.34, -0.334, 7.56911, -30.4229, 0, 0, 0, -0, -0.314159, -0
3.345, -0.3345, 7.58223, -30.5465, 0, 0, 0, -0, -0.314159, -0
3.35, -0.335, 7.59535, -30.6703, 0, 0, 0, -0, -0.314159, -0
3.355, -0.3355, 7.60847, -30.7944, 0, 0, 0, -0, -0.314159, -0
3.36, -0.336, 7.62158, -30.9187, 0, 0, 0, -0, -0.314159, -0
3.365, -0.3365, 7.6347, -31.0432, 0, 0, 0, -0, -0.314159, -0
3.37, -0.337, 7.64782, -31.168, 0, 0, 0, -0, -0.314159, -0
3.375, -0.3375, 7.66094, -31.2931, 0, 0, 0, -0, -0.314159, -0
3.38, -0.338, 7.67406, -31.4184, 0, 0, 0, -0, -0.314159, -0
3.385, -0.3385, 7.68717, -31.5439, 0, 0, 0, -0, -0.314159, -0
3.39, -0.339, 7.70029, -31.6697, 0, 0, 0, -0, -0.314159, -0
3.395, -0.3395, 7.71341, -31.7957, 0, 0, 0, -0, -0.314159, -0
3.4, -0.34, 7.72653, -31.922, 0, 0, 0, -0, -0.314159, -0
3.405, -0.3405, 7.73965, -32.0485, 0, 0, 0, -0, -0.314159, -0
3.41, -0.341, 7.75276, -32.1753, 0, 0, 0, -0, -0.314159, -0
3.415, -0.3415, 7.76588, -32.3023, 0, 0, 0, -0, -0.314159, -0
3.42, -0.342, 7.779, -32.4295, 0, 0, 0, -0, -0.314159, -0
3.425, -0.3425, 7.79212, -32.557, 0, 0, 0, -0, -0.314159, -0
3.43, -0.343, 7.80524, -32.6848, 0, 0, 0, -0, -0.314159, -0
3.435, -0.3435, 7.81835, -32.8128, 0, 0, 0, -0, -0.314159, -0
3.44, -0.344, 7.83147, -32.941, 0, 0, 0, -0, -0.314159, -0
3.445, -0.3445, 7.84459, -33.0695, 0, 0, 0, -0, -0.314159, -0
3.45, -0.345, 7.85771, -33.1982, 0, 0, 0, -0, -0.314159, -0
3.455, -0.3455, 7.87083, -33.3272, 0, 0, 0, -0, -0.314159, -0
3.46, -0.346, 7.88394, -33.4564, 0, 0, 0, -0, -0.314159, -0
3.465, -0.3465, 7.89706, -33.5859, 0, 0, 0, -0, -0.314159, -0
3.47, -0.347, 7.91018, -33.7156, 0, 0, 0, -0, -0.314159, -0
3.475, -0.3475, 7.9233, -33.8455, 0, 0, 0, -0, -0.314159, -0
3.48, -0.348, 7.93642, -33.9757, 0, 0, 0, -0, -0.314159, -0
3.485, -0.3485, 7.94953, -34.1062, 0, 0, 0, -0, -0.314159, -0
3.49, -0.349, 7.96265, -34.2369, 0, 0, 0, -0, -0.314159, -0
3.495, -0.3495, 7.97577, -34.3678, 0, 0, 0, -0, -0.314159, -0
3.5, -0.35, 7.98889, -34.499, 0, 0, 0, -0, -0.314159, -0
3.505, -0.3505, 8.00201, -34.6304, 0, 0, 0, -0, -0.314159, -0
3.51, -0.351, 8.01513, -34.7621, 0, 0, 0, -0, -0.314159, -0
3.515, -0.3515, 8.02824, -34.894, 0, 0, 0, -0, -0.314159, -0
3.52, -0.352, 8.04136, -35.0261, 0, 0, 0, -0, -0.314159, -0
3.525, -0.3525, 8.05448, -35.1586, 0, 0, 0, -0, -0.314159, -0
3.53, -0.353, 8.0676, -35.2912, 0, 0, 0, -0, -0.314159, -0
3.535, -0.3535, 8.08072, -35.4241, 0, 0, 0, -0, -0.314159, -0
3.54, -0.354, 8.09383, -35.5572, 0, 0, 0, -0, -0.314159, -0
3.545, -0.3545, 8.10695, -35.6906, 0, 0, 0, -0, -0.314159, -0
3.55, -0.355, 8.12007, -35.8243, 0, 0, 0, -0, -0.314159, -0
3.555, -0.3555, 8.13319, -35.9581, 0, 0, 0, -0, -0.314159, -0
3.56, -0.356, 8.14631, -36.0923, 0, 0, 0, -0, -0.314159, -0
3.565, -0.3565, 8.15942, -36.2266, 0, 0, 0, -0, -0.314159, -0
3.57, -0.357, 8.17254, -36.3612, 0, 0, 0, -0, -0.314159, -0
3.575, -0.3575, 8.18566, -36.4961, 0, 0, 0, -0, -0.314159, -0
3.58, -0.358, 8.19878, -36.6312, 0, 0, 0, -0, -0.314159, -0
3.585, -0.3585, 8.2119, -36.7665, 0, 0, 0, -0, -0.314159, -0
3.59, -0.359, 8.22501, -36.9021, 0, 0, 0, -0, -0.314159, -0
3.595, -0.3595, 8.23813, -37.038, 0, 0, 0, -0, -0.314159, -0
3.6, -0.36, 8.25125, -37.1741, 0, 0, 0, -0, -0.314159, -0
3.605, -0.3605, 8.26437, -37.3104, 0, 0, 0, -0, -0.314159, -0
3.61, -0.361, 8.27749, -37.447, 0, 0, 0, -0, -0.314159, -0
3.615, -0.3615, 8.2906, -37.5838, 0, 0, 0, -0, -0.314159, -0
3.62, -0.362, 8.30372, -37.7209, 0, 0, 0, -0, -0.314159, -0
3.625, -0.3625, 8.31684, -37.8582, 0, 0, 0, -0, -0.314159, -0
3.63, -0.363, 8.32996, -37.9957, 0, 0, 0, -0, -0.314159, -0
3.635, -0.3635, 8.34308, -38.1335, 0, 0, 0, -0, -0.314159, -0
3.64, -0.364, 8.35619, -38.2716, 0, 0, 0, -0, -0.314159, -0
3.645, -0.3645, 8.36931, -38.4099, 0, 0, 0, -0, -0.314159, -0
3.65, -0.365, 8.38243, -38.5484, 0, 0, 0, -0, -0.314159, -0
3.655, -0.3655, 8.39555, -38.6872, 0, 0, 0, -0, -0.314159, -0
3.66, -0.366, 8.40867, -38.8262, 0, 0, 0, -0, -0.314159, -0
3.665, -0.3665, 8.42178, -38.9655, 0, 0, 0, -0, -0.314159, -0
3.67, -0.367, 8.4349, -39.105, 0, 0, 0, -0, -0.314159, -0
3.675, -0.3675, 8.44802, -39.2448, 0, 0, 0, -0, -0.314159, -0
3.68, -0.368, 8.46114, -39.3848, 0, 0, 0, -0, -0.314159, -0
3.685, -0.3685, 8.47426, -39.525, 0, 0, 0, -0, -0.314159, -0
3.69, -0.369, 8.48737, -39.6655, 0, 0, 0, -0, -0.314159, -0
3.695, -0.3695, 8.50049, -39.8063, 0, 0, 0, -0, -0.314159, -0
3.7, -0.37, 8.51361, -39.9473, 0, 0, 0, -0, -0.314159, -0
3.705, -0.3705, 8.52673, -40.0885, 0, 0, 0, -0, -0.314159, -0
3.71, -0.371, 8.53985, -40.23, 0, 0, 0, -0, -0.314159, -0
3.715, -0.3715, 8.55296, -40.3717, 0, 0, 0, -0, -0.314159, -0
3.72, -0.372, 8.56608, -40.5137, 0, 0, 0, -0, -0.314159, -0
3.725, -0.3725, 8.5792, -40.6559, 0, 0, 0, -0, -0.314159, -0
3.73, -0.373, 8.59232, -40.7983, 0, 0, 0, -0, -0.314159, -0
3.735, -0.3735, 8.60544, -40.941, 0, 0, 0, -0, -0.314159, -0
3.74, -0.374, 8.61856, -41.084, 0, 0, 0, -0, -0.314159, -0
3.745, -0.3745, 8.63167, -41.2272, 0, 0, 0, -0, -0.314159, -0
3.75, -0.375, 8.64479, -41.3706, 0, 0, 0, -0, -0.314159, -0
3.755, -0.3755, 8.65791, -41.5143, 0, 0, 0, -0, -0.314159, -0
3.76, -0.376, 8.67103, -41.6583, 0, 0, 0, -0, -0.314159, -0
3.765, -0.3765, 8.68415, -41.8024, 0, 0, 0, -0, -0.314159, -0
3.77, -0.377, 8.69726, -41.9469, 0, 0, 0, -0, -0.314159, -0
3.775, -0.3775, 8.71038, -42.0915, 0, 0, 0, -0, -0.314159, -0
3.78, -0.378, 8.7235, -42.2364, 0, 0, 0, -0, -0.314159, -0
3.785, -0.3785, 8.73662, -42.3816, 0, 0, 0, -0, -0.314159, -0
3.79, -0.379, 8.74974, -42.527, 0, 0, 0, -0, -0.314159, -0
3.795, -0.3795, 8.76285, -42.6726, 0, 0, 0, -0, -0.314159, -0
3.8, -0.38, 8.77597, -42.8185, 0, 0, 0, -0, -0.314159, -0
3.805, -0.3805, 8.78909, -42.9647, 0, 0, 0, -0, -0.314159, -0
3.81, -0.381, 8.80221, -43.1111, 0, 0, 0, -0, -0.314159, -0
3.815, -0.3815, 8.81533, -43.2577, 0, 0, 0, -0, -0.314159, -0
3.82, -0.382, 8.82844, -43.4046, 0, 0, 0, -0, -0.314159, -0
3.825, -0.3825, 8.84156, -43.5517, 0, 0, 0, -0, -0.314159, -0
3.83, -0.383, 8.85468, -43.6991, 0, 0, 0, -0, -0.314159, -0
3.835, -0.3835, 8.8678, -43.8467, 0, 0, 0, -0, -0.314159, -0
3.84, -0.384, 8.88092, -43.9945, 0, 0, 0, -0, -0.314159, -0
3.845, -0.3845, 8.89403, -44.1426, 0, 0, 0, -0, -0.314159, -0
3.85, -0.385, 8.90715, -44.291, 0, 0, 0, -0, -0.314159, -0
3.855, -0.3855, 8.92027, -44.4396, 0, 0, 0, -0, -0.314159, -0
3.86, -0.386, 8.93339, -44.5884, 0, 0, 0, -0, -0.314159, -0
3.865, -0.3865, 8.94651, -44.7375, 0, 0, 0, -0, -0.314159, -0
3.87, -0.387, 8.95962, -44.8868, 0, 0, 0, -0, -0.314159, -0
3.875, -0.3875, 8.97274, -45.0364, 0, 0, 0, -0, -0.314159, -0
3.88, -0.388, 8.98586, -45.1862, 0, 0, 0, -0, -0.314159, -0
3.885, -0.3885, 8.99898, -45.3363, 0, 0, 0, -0, -0.314159, -0
3.89, -0.389, 9.0121, -45.4866, 0, 0, 0, -0, -0.314159, -0
3.895, -0.3895, 9.02521, -45.6371, 0, 0, 0, -0, -0.314159, -0
3.9, -0.39, 9.03833, -45.7879, 0, 0, 0, -0, -0.314159, -0
3.905, -0.3905, 9.05145, -45.939, 0, 0, 0, -0, -0.314159, -0
3.91, -0.391, 9.06457, -46.0903, 0, 0, 0, -0, -0.314159, -0
3.915, -0.3915, 9.07769, -46.2418, 0, 0, 0, -0, -0.314159, -0
3.92, -0.392, 9.0908, -46.3936, 0, 0, 0, -0, -0.314159, -0
3.925, -0.3925, 9.10392, -46.5456, 0, 0, 0, -0, -0.314159, -0
3.93, -0.393, 9.11704, -46.6979, 0, 0, 0, -0, -0.314159, -0
3.935, -0.3935, 9.13016, -46.8504, 0, 0, 0, -0, -0.314159, -0
3.94, -0.394, 9.14328, -47.0031, 0, 0, 0, -0, -0.314159, -0
3.945, -0.3945, 9.15639, -47.1562, 0, 0, 0, -0, -0.314159, -0
3.95, -0.395, 9.16951, -47.3094, 0, 0, 0, -0, -0.314159, -0
3.955, -0.3955, 9.18263, -47.4629, 0, 0, 0, -0, -0.314159, -0
3.96, -0.396, 9.19575, -47.6166, 0, 0, 0, -0, -0.314159, -0
3.965, -0.3965, 9.20887, -47.7706, 0, 0, 0, -0, -0.314159, -0
3.97, -0.397, 9.22199, -47.9249, 0, 0, 0, -0, -0.314159, -0
3.975, -0.3975, 9.2351, -48.0793, 0, 0, 0, -0, -0.314159, -0
3.98, -0.398, 9.24822, -48.2341, 0, 0, 0, -0, -0.314159, -0
3.985, -0.3985, 9.26134, -48.389, 0, 0, 0, -0, -0.314159, -0
3.99, -0.399, 9.27446, -48.5442, 0, 0, 0, -0, -0.314159, -0
3.995, -0.3995, 9.28758, -48.6997, 0, 0, 0, -0, -0.314159, -0
4, -0.4, 9.30069, -48.8554, 0, 0, 0, -0, -0.314159, -0
4.005, -0.4005, 9.31381, -49.0114, 0, 0, 0, -0, -0.314159, -0
4.01, -0.401, 9.32693, -49.1676, 0, 0, 0, -0, -0.314159, -0
4.015, -0.4015, 9.34005, -49.324, 0, 0, 0, -0, -0.314159, -0
4.02, -0.402, 9.35317, -49.4807, 0, 0, 0, -0, -0.314159, -0
4.025, -0.4025, 9.36628, -49.6376, 0, 0, 0, -0, -0.314159, -0
4.03, -0.403, 9.3794, -49.7948, 0, 0, 0, -0, -0.314159, -0
4.035, -0.4035, 9.39252, -49.9522, 0, 0, 0, -0, -0.314159, -0
4.04, -0.404, 9.40564, -50.1099, 0, 0, 0, -0, -0.314159, -0
4.045, -0.4045, 9.41876, -50.2678, 0, 0, 0, -0, -0.314159, -0
4.05, -0.405, 9.43187, -50.4259, 0, 0, 0, -0, -0.314159, -0
4.055, -0.4055, 9.44499, -50.5843, 0, 0, 0, -0, -0.314159, -0
4.06, -0.406, 9.45811, -50.743, 0, 0, 0, -0, -0.314159, -0
4.065, -0.4065, 9.47123, -50.9019, 0, 0, 0, -0, -0.314159, -0
4.07, -0.407, 9.48435, -51.061, 0, 0, 0, -0, -0.314159, -0
4.075, -0.4075, 9.49746, -51.2204, 0, 0, 0, -0, -0.314159, -0
4.08, -0.408, 9.51058, -51.38, 0, 0, 0, -0, -0.314159, -0
4.085, -0.4085, 9.5237, -51.5399, 0, 0, 0, -0, -0.314159, -0
4.09, -0.409, 9.53682, -51.7, 0, 0, 0, -0, -0.314159, -0
4.095, -0.4095, 9.54994, -51.8604, 0, 0, 0, -0, -0.314159, -0
4.1, -0.41, 9.56305, -52.021, 0, 0, 0, -0, -0.314159, -0
4.105, -0.4105, 9.57617, -52.1818, 0, 0, 0, -0, -0.314159, -0
4.11, -0.411, 9.58929, -52.3429, 0, 0, 0, -0, -0.314159, -0
4.115, -0.4115, 9.60241, -52.5043, 0, 0, 0, -0, -0.314159, -0
4.12, -0.412, 9.61553, -52.6659, 0, 0, 0, -0, -0.314159, -0
4.125, -0.4125, 9.62864, -52.8277, 0, 0, 0, -0, -0.314159, -0
4.13, -0.413, 9.64176, -52.9898, 0, 0, 0, -0, -0.314159, -0
4.135, -0.4135, 9.65488, -53.1521, 0, 0, 0, -0, -0.314159, -0
4.14, -0.414, 9.668, -53.3147, 0, 0, 0, -0, -0.314159, -0
4.145, -0.4145, 9.68112, -53.4775, 0, 0, 0, -0, -0.314159, -0
4.15, -0.415, 9.69423, -53.6406, 0, 0, 0, -0, -0.314159, -0
4.155, -0.4155, 9.70735, -53.8039, 0, 0, 0, -0, -0.314159, -0
4.16, -0.416, 9.72047, -53.9674, 0, 0, 0, -0, -0.314159, -0
4.165, -0.4165, 9.73359, -54.1312, 0, 0, 0, -0, -0.314159, -0
4.17, -0.417, 9.74671, -54.2953, 0, 0, 0, -0, -0.314159, -0
4.175, -0.4175, 9.75982, -54.4596, 0, 0, 0, -0, -0.314159, -0
4.18, -0.418, 9.77294, -54.6241, 0, 0, 0, -0, -0.314159, -0
4.185, -0.4185, 9.78606, -54.7889, 0, 0, 0, -0, -0.314159, -0
4.19, -0.419, 9.79918, -54.9539, 0, 0, 0, -0, -0.314159, -0
4.195, -0.4195, 9.8123, -55.1192, 0, 0, 0, -0, -0.314159, -0
4.2, -0.42, 9.82542, -55.2847, 0, 0, 0, -0, -0.314159, -0
4.205, -0.4205, 9.83853, -55.4504, 0, 0, 0, -0, -0.314159, -0
4.21, -0.421, 9.85165, -55.6164, 0, 0, 0, -0, -0.314159, -0
4.215, -0.4215, 9.86477, -55.7827, 0, 0, 0, -0, -0.314159, -0
4.22, -0.422, 9.87789, -55.9492, 0, 0, 0, -0, -0.314159, -0
4.225, -0.4225, 9.89101, -56.1159, 0, 0, 0, -0, -0.314159, -0
4.23, -0.423, 9.90412, -56.2829, 0, 0, 0, -0, -0.314159, -0
4.235, -0.4235, 9.91724, -56.4501, 0, 0, 0, -0, -0.314159, -0
4.24, -0.424, 9.93036, -56.6176, 0, 0, 0, -0, -0.314159, -0
4.245, -0.4245, 9.94348, -56.7853, 0, 0, 0, -0, -0.314159, -0
4.25, -0.425, 9.9566, -56.9533, 0, 0, 0, -0, -0.314159, -0
4.255, -0.4255, 9.96971, -57.1215, 0, 0, 0, -0, -0.314159, -0
4.26, -0.426, 9.98283, -57.29, 0, 0, 0, -0, -0.314159, -0
4.265, -0.4265, 9.99595, -57.4587, 0, 0, 0, -0, -0.314159, -0
4.27, -0.427, 10.0091, -57.6276, 0, 0, 0, -0, -0.314159, -0
4.275, -0.4275, 10.0222, -57.7968, 0, 0, 0, -0, -0.314159, -0
4.28, -0.428, 10.0353, -57.9663, 0, 0, 0, -0, -0.314159, -0
4.285, -0.4285, 10.0484, -58.1359, 0, 0, 0, -0, -0.314159, -0
4.29, -0.429, 10.0615, -58.3059, 0, 0, 0, -0, -0.314159, -0
4.295, -0.4295, 10.0747, -58.476, 0, 0, 0, -0, -0.314159, -0
4.3, -0.43, 10.0878, -58.6465, 0, 0, 0, -0, -0.314159, -0
4.305, -0.4305, 10.1009, -58.8171, 0, 0, 0, -0, -0.314159, -0
4.31, -0.431, 10.114, -58.988, 0, 0, 0, -0, -0.314159, -0
4.315, -0.4315, 10.1271, -59.1592, 0, 0, 0, -0, -0.314159, -0
4.32, -0.432, 10.1402, -59.3306, 0, 0, 0, -0, -0.314159, -0
4.325, -0.4325, 10.1534, -59.5022, 0, 0, 0, -0, -0.314159, -0
4.33, -0.433, 10.1665, -59.6741, 0, 0, 0, -0, -0.314159, -0
4.335, -0.4335, 10.1796, -59.8463, 0, 0, 0, -0, -0.314159, -0
4.34, -0.434, 10.1927, -60.0187, 0, 0, 0, -0, -0.314159, -0
4.345, -0.4345, 10.2058, -60.1913, 0, 0, 0, -0, -0.314159, -0
4.35, -0.435, 10.219, -60.3641, 0, 0, 0, -0, -0.314159, -0
4.355, -0.4355, 10.2321, -60.5373, 0, 0, 0, -0, -0.314159, -0
4.36, -0.436, 10.2452, -60.7106, 0, 0, 0, -0, -0.314159, -0
4.365, -0.4365, 10.2583, -60.8842, 0, 0, 0, -0, -0.314159, -0
4.37, -0.437, 10.2714, -61.0581, 0, 0, 0, -0, -0.314159, -0
4.375, -0.4375, 10.2845, -61.2322, 0, 0, 0, -0, -0.314159, -0
4.38, -0.438, 10.2977, -61.4065, 0, 0, 0, -0, -0.314159, -0
4.385, -0.4385, 10.3108, -61.5811, 0, 0, 0, -0, -0.314159, -0
4.39, -0.439, 10.3239, -61.756, 0, 0, 0, -0, -0.314159, -0
4.395, -0.4395, 10.337, -61.931, 0, 0, 0, -0, -0.314159, -0
4.4, -0.44, 10.3501, -62.1064, 0, 0, 0, -0, -0.314159, -0
4.405, -0.4405, 10.3633, -62.2819, 0, 0, 0, -0, -0.314159, -0
4.41, -0.441, 10.3764, -62.4577, 0, 0, 0, -0, -0.314159, -0
4.415, -0.4415, 10.3895, -62.6338, 0, 0, 0, -0, -0.314159, -0
4.42, -0.442, 10.4026, -62.8101, 0, 0, 0, -0, -0.314159, -0
4.425, -0.4425, 10.4157, -62.9867, 0, 0, 0, -0, -0.314159, -0
4.43, -0.443, 10.4288, -63.1634, 0, 0, 0, -0, -0.314159, -0
4.435, -0.4435, 10.442, -63.3405, 0, 0, 0, -0, -0.314159, -0
4.44, -0.444, 10.4551, -63.5178, 0, 0, 0, -0, -0.314159, -0
4.445, -0.4445, 10.4682, -63.6953, 0, 0, 0, -0, -0.314159, -0
4.45, -0.445, 10.4813, -63.8731, 0, 0, 0, -0, -0.314159, -0
4.455, -0.4455, 10.4944, -64.0511, 0, 0, 0, -0, -0.314159, -0
4.46, -0.446, 10.5076, -64.2294, 0, 0, 0, -0, -0.314159, -0
4.465, -0.4465, 10.5207, -64.4079, 0, 0, 0, -0, -0.314159, -0
4.47, -0.447, 10.5338, -64.5866, 0, 0, 0, -0, -0.314159, -0
4.475, -0.4475, 10.5469, -64.7656, 0, 0, 0, -0, -0.314159, -0
4.48, -0.448, 10.56, -64.9449, 0, 0, 0, -0, -0.314159, -0
4.485, -0.4485, 10.5731, -65.1244, 0, 0, 0, -0, -0.314159, -0
4.49, -0.449, 10.5863, -65.3041, 0, 0, 0, -0, -0.314159, -0
4.495, -0.4495, 10.5994, -65.4841, 0, 0, 0, -0, -0.314159, -0
4.5, -0.45, 10.6125, -65.6643, 0, 0, 0, -0, -0.314159, -0
4.505, -0.4505, 10.6256, -65.8448, 0, 0, 0, -0, -0.314159, -0
4.51, -0.451, 10.6387, -66.0255, 0, 0, 0, -0, -0.314159, -0
4.515, -0.4515, 10.6519, -66.2065, 0, 0, 0, -0, -0.314159, -0
4.52, -0.452, 10.665, -66.3877, 0, 0, 0, -0, -0.314159, -0
4.525, -0.4525, 10.6781, -66.5692, 0, 0, 0, -0, -0.314159, -0
4.53, -0.453, 10.6912, -66.7509, 0, 0, 0, -0, -0.314159, -0
4.535, -0.4535, 10.7043, -66.9328, 0, 0, 0, -0, -0.314159, -0
4.54, -0.454, 10.7174, -67.115, 0, 0, 0, -0, -0.314159, -0
4.545, -0.4545, 10.7306, -67.2974, 0, 0, 0, -0, -0.314159, -0
4.55, -0.455, 10.7437, -67.4801, 0, 0, 0, -0, -0.314159, -0
4.555, -0.4555, 10.7568, -67.663, 0, 0, 0, -0, -0.314159, -0
4.56, -0.456, 10.7699, -67.8462, 0, 0, 0, -0, -0.314159, -0
4.565, -0.4565, 10.783, -68.0296, 0, 0, 0, -0, -0.314159, -0
4.57, -0.457, 10.7962, -68.2133, 0, 0, 0, -0, -0.314159, -0
4.575, -0.4575, 10.8093, -68.3972, 0, 0, 0, -0, -0.314159, -0
4.58, -0.458, 10.8224, -68.5814, 0, 0, 0, -0, -0.314159, -0
4.585, -0.4585, 10.8355, -68.7658, 0, 0, 0, -0, -0.314159, -0
4.59, -0.459, 10.8486, -68.9504, 0, 0, 0, -0, -0.314159, -0
4.595, -0.4595, 10.8617, -69.1353, 0, 0, 0, -0, -0.314159, -0
4.6, -0.46, 10.8749, -69.3204, 0, 0, 0, -0, -0.314159, -0
4.605, -0.4605, 10.888, -69.5058, 0, 0, 0, -0, -0.314159, -0
4.61, -0.461, 10.9011, -69.6914, 0, 0, 0, -0, -0.314159, -0
4.615, -0.4615, 10.9142, -69.8773, 0, 0, 0, -0, -0.314159, -0
4.62, -0.462, 10.9273, -70.0634, 0, 0, 0, -0, -0.314159, -0
4.625, -0.4625, 10.9404, -70.2498, 0, 0, 0, -0, -0.314159, -0
4.63, -0.463, 10.9536, -70.4364, 0, 0, 0, -0, -0.314159, -0
4.635, -0.4635, 10.9667, -70.6232, 0, 0, 0, -0, -0.314159, -0
4.64, -0.464, 10.9798, -70.8103, 0, 0, 0, -0, -0.314159, -0
4.645, -0.4645, 10.9929, -70.9977, 0, 0, 0, -0, -0.314159, -0
4.65, -0.465, 11.006, -71.1853, 0, 0, 0, -0, -0.314159, -0
4.655, -0.4655, 11.0192, -71.3731, 0, 0, 0, -0, -0.314159, -0
4.66, -0.466, 11.0323, -71.5612, 0, 0, 0, -0, -0.314159, -0
4.665, -0.4665, 11.0454, -71.7495, 0, 0, 0, -0, -0.314159, -0
4.67, -0.467, 11.0585, -71.9381, 0, 0, 0, -0, -0.314159, -0
4.675, -0.4675, 11.0716, -72.1269, 0, 0, 0, -0, -0.314159, -0
4.68, -0.468, 11.0847, -72.3159, 0, 0, 0, -0, -0.314159, -0
4.685, -0.4685, 11.0979, -72.5052, 0, 0, 0, -0, -0.314159, -0
4.69, -0.469, 11.111, -72.6948, 0, 0, 0, -0, -0.314159, -0
4.695, -0.4695, 11.1241, -72.8846, 0, 0, 0, -0, -0.314159, -0
4.7, -0.47, 11.1372, -73.0746, 0, 0, 0, -0, -0.314159, -0
4.705, -0.4705, 11.1503, -73.2649, 0, 0, 0, -0, -0.314159, -0
4.71, -0.471, 11.1635, -73.4554, 0, 0, 0, -0, -0.314159, -0
4.715, -0.4715, 11.1766, -73.6462, 0, 0, 0, -0, -0.314159, -0
4.72, -0.472, 11.1897, -73.8372, 0, 0, 0, -0, -0.314159, -0
4.725, -0.4725, 11.2028, -74.0285, 0, 0, 0, -0, -0.314159, -0
4.73, -0.473, 11.2159, -74.22, 0, 0, 0, -0, -0.314159, -0
4.735, -0.4735, 11.229, -74.4118, 0, 0, 0, -0, -0.314159, -0
4.74, -0.474, 11.2422, -74.6038, 0, 0, 0, -0, -0.314159, -0
4.745, -0.4745, 11.2553, -74.796, 0, 0, 0, -0, -0.314159, -0
4.75, -0.475, 11.2684, -74.9885, 0, 0, 0, -0, -0.314159, -0
4.755, -0.4755, 11.2815, -75.1812, 0, 0, 0, -0, -0.314159, -0
4.76, -0.476, 11.2946, -75.3742, 0, 0, 0, -0, -0.314159, -0
4.765, -0.4765, 11.3078, -75.5674, 0, 0, 0, -0, -0.314159, -0
4.77, -0.477, 11.3209, -75.7609, 0, 0, 0, -0, -0.314159, -0
4.775, -0.4775, 11.334, -75.9546, 0, 0, 0, -0, -0.314159, -0
4.78, -0.478, 11.3471, -76.1486, 0, 0, 0, -0, -0.314159, -0
4.785, -0.4785, 11.3602, -76.3428, 0, 0, 0, -0, -0.314159, -0
4.79, -0.479, 11.3733, -76.5373, 0, 0, 0, -0, -0.314159, -0
4.795, -0.4795, 11.3865, -76.732, 0, 0, 0, -0, -0.314159, -0
4.8, -0.48, 11.3996, -76.9269, 0, 0, 0, -0, -0.314159, -0
4.805, -0.4805, 11.4127, -77.1221, 0, 0, 0, -0, -0.314159, -0
4.81, -0.481, 11.4258, -77.3175, 0, 0, 0, -0, -0.314159, -0
4.815, -0.4815, 11.4389, -77.5132, 0, 0, 0, -0, -0.314159, -0
4.82, -0.482, 11.4521, -77.7091, 0, 0, 0, -0, -0.314159, -0
4.825, -0.4825, 11.4652, -77.9053, 0, 0, 0, -0, -0.314159, -0
4.83, -0.483, 11.4783, -78.1017, 0, 0, 0, -0, -0.314159, -0
4.835, -0.4835, 11.4914, -78.2984, 0, 0, 0, -0, -0.314159, -0
4.84, -0.484, 11.5045, -78.4953, 0, 0, 0, -0, -0.314159, -0
4.845, -0.4845, 11.5176, -78.6924, 0, 0, 0, -0, -0.314159, -0
4.85, -0.485, 11.5308, -78.8898, 0, 0, 0, -0, -0.314159, -0
4.855, -0.4855, 11.5439, -79.0875, 0, 0, 0, -0, -0.314159, -0
4.86, -0.486, 11.557, -79.2854, 0, 0, 0, -0, -0.314159, -0
4.865, -0.4865, 11.5701, -79.4835, 0, 0, 0, -0, -0.314159, -0
4.87, -0.487, 11.5832, -79.6819, 0, 0, 0, -0, -0.314159, -0
4.875, -0.4875, 11.5964, -79.8805, 0, 0, 0, -0, -0.314159, -0
4.88, -0.488, 11.6095, -80.0794, 0, 0, 0, -0, -0.314159, -0
4.885, -0.4885, 11.6226, -80.2785, 0, 0, 0, -0, -0.314159, -0
4.89, -0.489, 11.6357, -80.4778, 0, 0, 0, -0, -0.314159, -0
4.895, -0.4895, 11.6488, -80.6774, 0, 0, 0, -0, -0.314159, -0
4.9, -0.49, 11.6619, -80.8773, 0, 0, 0, -0, -0.314159, -0
4.905, -0.4905, 11.6751, -81.0774, 0, 0, 0, -0, -0.314159, -0
4.91, -0.491, 11.6882, -81.2777, 0, 0, 0, -0, -0.314159, -0
4.915, -0.4915, 11.7013, -81.4783, 0, 0, 0, -0, -0.314159, -0
4.92, -0.492, 11.7144, -81.6791, 0, 0, 0, -0, -0.314159, -0
4.925, -0.4925, 11.7275, -81.8802, 0, 0, 0, -0, -0.314159, -0
4.93, -0.493, 11.7406, -82.0815, 0, 0, 0, -0, -0.314159, -0
4.935, -0.4935, 11.7538, -82.2831, 0, 0, 0, -0, -0.314159, -0
4.94, -0.494, 11.7669, -82.4849, 0, 0, 0, -0, -0.314159, -0
4.945, -0.4945, 11.78, -82.687, 0, 0, 0, -0, -0.314159, -0
4.95, -0.495, 11.7931, -82.8893, 0, 0, 0, -0, -0.314159, -0
4.955, -0.4955, 11.8062, -83.0918, 0, 0, 0, -0, -0.314159, -0
4.96, -0.496, 11.8194, -83.2946, 0, 0, 0, -0, -0.314159, -0
4.965, -0.4965, 11.8325, -83.4976, 0, 0, 0, -0, -0.314159, -0
4.97, -0.497, 11.8456, -83.7009, 0, 0, 0, -0, -0.314159, -0
4.975, -0.4975, 11.8587, -83.9045, 0, 0, 0, -0, -0.314159, -0
4.98, -0.498, 11.8718, -84.1082, 0, 0, 0, -0, -0.314159, -0
4.985, -0.4985, 11.8849, -84.3122, 0, 0, 0, -0, -0.314159, -0
4.99, -0.499, 11.8981, -84.5165, 0, 0, 0, -0, -0.314159, -0
4.995, -0.4995, 11.9112, -84.721, 0, 0, 0, -0, -0.314159, -0
5, -0.5, 11.9243, -84.9258, 0, 0, 0, -0, -0.314159, -0
